#{"t_start": 1620923546.462983, "env_id": "seir-cd-v0"}
r,l,t
-0.406029,25,3.009462
