#{"t_start": 1620857749.01792, "env_id": "seir-cd-v0"}
r,l,t
-0.400662,25,2.972635
