#{"t_start": 1620862779.170957, "env_id": "seir-cd-v0"}
r,l,t
-0.398015,25,1.860093
