#{"t_start": 1620891243.855086, "env_id": "seir-cd-v0"}
r,l,t
-0.34324,25,1.682869
