#{"t_start": 1620849974.025933, "env_id": "seir-cd-v0"}
r,l,t
-0.392508,25,1.751716
